---
---
<?xml version="1.0" encoding="utf-8"?>
<feed xmlns="http://www.w3.org/2005/Atom">
 
 <title>{{ site.name | xml_escape }}</title>
 <description>{% if site.description %}{{ site.description | xml_escape }}{% endif %}</description>		
 <link href="{{ site.url }}/atom.xml" rel="self"/>
 <link href="{{ site.url }}/"/>
 <updated>{{ site.time | date_to_xmlschema }}</updated>
 <id>{{ site.url }}</id>
 <author>
   <name>{{ site.name }}</name>
 </author>
 
 {% for post in site.posts %}
 <entry>
   <title>{{ post.title }}</title>
   <link href="{{ site.url }}{{ post.url }}"/>
   <updated>{{ post.date | date_to_xmlschema }}</updated>
   <id>{{ site.url }}{{ post.id }}</id>
   <content type="html">{{ post.content | xml_escape }}</content>
   <guid isPermaLink="true">{{ site.url }}{{ post.url }}</guid>
 </entry>
 {% endfor %}
 
</feed>
