<?xml version="1.0" encoding="utf-8"?>
<feed xmlns="http://www.w3.org/2005/Atom">
 
 <title>Phil Hale</title>
 <description>Phil Hale; Ruby developer and director of PG Hale Ltd.</description>		
 <link href="http://www.pghale.com/atom.xml" rel="self"/>
 <link href="http://www.pghale.com/"/>
 <updated>2015-11-10T02:23:35+00:00</updated>
 <id>http://www.pghale.com</id>
 <author>
   <name>Phil Hale</name>
 </author>
 
 
 <entry>
   <title>Working at FreeAgent</title>
   <link href="http://www.pghale.com/posts/working-at-freeagent"/>
   <updated>2013-09-06T00:00:00+01:00</updated>
   <id>http://www.pghale.com/posts/working-at-freeagent</id>
   <content type="html">&lt;p&gt;&lt;a href=&quot;http://www.freeagent.com/&quot;&gt;&lt;img src=&quot;/images/freeagent_logo.png&quot; alt=&quot;FreeAgent&quot; /&gt;&lt;/a&gt;&lt;/p&gt;

&lt;p&gt;This summer I left &lt;a href=&quot;https://encrypted.google.com/search?q=about+aberdeen+scotland&quot;&gt;the silver city&lt;/a&gt; to work for
&lt;a href=&quot;http://www.freeagent.com/&quot;&gt;FreeAgent&lt;/a&gt;, makers of online accountancy software in Edinburgh.&lt;/p&gt;

&lt;p&gt;I was working with one other intern, and our first project was to add
&lt;a href=&quot;https://stripe.com/&quot;&gt;Stripe&lt;/a&gt; integration for paying invoices.  There was already a structure
for other payment processors so this was easy - just copy the pattern and we&amp;rsquo;re
done! &amp;hellip;Or not.  After years of minimal feedback, someone was looking at my code.&lt;/p&gt;

&lt;h2&gt;Code Review&lt;/h2&gt;

&lt;p&gt;It&amp;rsquo;s the job of the reviewer to &lt;a href=&quot;http://www.explosm.net/comics/2083/&quot;&gt;look for mistakes&lt;/a&gt;, but
also to start a discussion about your design decisions. Some feedback I&amp;rsquo;ve
gotten:&lt;/p&gt;

&lt;blockquote&gt;&lt;p&gt;Does that method really belong here?&lt;/p&gt;

&lt;p&gt;You should really be mocking this object rather than Factory#create&lt;/p&gt;

&lt;p&gt;That isn&amp;rsquo;t how you spell String&lt;/p&gt;&lt;/blockquote&gt;

&lt;p&gt;It passed review, let&amp;rsquo;s ship it! Not so fast.  Unfortunately, people actually
use this stuff by clicking on buttons and things.  I know right?&lt;/p&gt;

&lt;h2&gt;Quality Assurance&lt;/h2&gt;

&lt;p&gt;There&amp;rsquo;s no dedicated QA team at FreeAgent so it&amp;rsquo;s up to you to find someone to
run through the expected behaviour and try to break it.&lt;/p&gt;

&lt;p&gt;At first this felt like a burden, having to wait for other people before you can
get your changes out.  After a while though it became obvious that the best way
to get someone to help you is to help them first. I got to examine parts of the
application I otherwise wouldn&amp;rsquo;t have even known about, and even found a few
patterns which could be used in what I was working on.&lt;/p&gt;

&lt;h2&gt;Deploy!&lt;/h2&gt;

&lt;p&gt;I found someone to deploy, we&amp;rsquo;re done!  Well, not quite.  After your changes hit
production (usually alongside a few other branches that are also complete), it&amp;rsquo;s
time to nervously watch for spikes in &lt;a href=&quot;https://newrelic.com/&quot;&gt;response time&lt;/a&gt; and any new
&lt;a href=&quot;https://www.honeybadger.io/&quot;&gt;exceptions&lt;/a&gt; and hope you didn&amp;rsquo;t screw up.&lt;/p&gt;

&lt;p&gt;Now you&amp;rsquo;re done :).&lt;/p&gt;

&lt;hr /&gt;

&lt;p&gt;So thanks to everyone at FreeAgent for an amazing summer, it was a pleasure
working with you all.&lt;/p&gt;

&lt;p&gt;Despite being interns, every effort was made to make us feel like equal members
of the team.  Our code was held to the same standards, we had similar
responsibilities and we were working on live projects under active use.&lt;/p&gt;

&lt;p&gt;And I&amp;rsquo;m sure if it was one of our birthdays we would have gotten an awesome
cake, too&amp;hellip;&lt;/p&gt;

&lt;p&gt;&lt;a href=&quot;https://en.wikipedia.org/wiki/The_BFG&quot;&gt;&lt;img src=&quot;/images/freeagent_cake.jpg&quot; alt=&quot;FreeAgent Birthday Cake&quot; /&gt;&lt;/a&gt;&lt;/p&gt;
</content>
   <guid isPermaLink="true">http://www.pghale.com/posts/working-at-freeagent</guid>
 </entry>
 
 
</feed>
